{"cameraMode":{"drawMode":0,"name":"Shaded","section":"Shading Mode"},"sceneLighting":true,"audioPlay":false,"sceneViewState":{"m_AlwaysRefresh":false,"showFog":true,"showSkybox":true,"showFlares":true,"showImageEffects":true,"showParticleSystems":true,"showVisualEffectGraphs":true,"m_FxEnabled":true},"in2DMode":false,"pivot":{"x":3.5241546630859377,"y":-9.912490844726563,"z":37.622920989990237},"rotation":{"x":-0.14414739608764649,"y":0.18642260134220124,"z":-0.027662210166454316,"w":-0.9714449644088745},"size":34.24518966674805,"orthographic":false}